source,publication_number,title,buyer_name,publication_date,deadline,nature,type_marche,procedure,departement,cpv_code,estimated_value,url,buyer_profile_uri,country,sector,prefilter_score,keywords,contract_type,team_lead,verdict,fit,typology,relevance_score,leman_sector,project_type,program,location,procedure_type,mission,estimated_budget,budget_eur,prize_eur,teams_shortlisted,deadline_type,required_references,minimum_revenue_required,architect_mandatory,consortium_required,eligibility,blocking_points,summary_en,summary_es,summary,analysed,first_seen,is_new,final_score
BOAMP,26-79093,Concours de MOE pour la création d'un centre technique communautaire,Communauté d'Agglomération du Pays Ajaccien,2026-08-09,2026-10-12,APPEL_OFFRE,SERVICES,Procédure Restreinte,20A,71230000,,https://www.boamp.fr/pages/avis/?q=idweb:26-79093,https://www.marches-publics.info,France,MAINTENANCE,27,"centre technique, centre technique communautaire",ARCHITECT_LED,architecte,GO,CORE,MAINTENANCE,90,MAINTENANCE,centre technique communautaire,Concours de maîtrise d'œuvre pour la création d'un centre technique communautaire,Ajaccio (20A),concours restreint,MOE mission de base + EXE,,,37000.0,3.0,candidatures,"[""Preuve d'une inscription à l'ordre des architectes""]",,True,False,mandataire LPS,[],"This is a restricted design competition for a community technical center in Ajaccio. It fits GBADW's core focus on maintenance facilities, and they can lead as the main architect.","Este es un concurso restringido de diseño para un centro técnico comunitario en Ajaccio. Se ajusta al enfoque principal de GBADW en instalaciones de mantenimiento, y pueden liderar como arquitectos principales.","Il s'agit d'un concours restreint de maîtrise d'œuvre pour un centre technique communautaire à Ajaccio. Cela correspond au cœur de métier de GBADW sur les installations de maintenance, et ils peuvent être mandataires en tant qu'architecte principal.",True,2026-10-03,False,100
BOAMP,26-91301,Maîtrise d'oeuvre pour la construction d'un pôle d'échange multimodal de la Pilleuse (concours restreint),GRAND ANNECY,2026-09-23,2026-10-22,APPEL_OFFRE,SERVICES,Procédure Restreinte,74,71200000 | 71220000 | 71240000 | 71322000,,https://www.boamp.fr/pages/avis/?q=idweb:26-91301,https://www.marches-publics.info/,France,TRANSPORT,23,"multimodal, pole d echange",ARCHITECT_LED,architecte,GO,CORE,TRANSPORT,95,TRANSPORT,pôle d'échange multimodal,Maîtrise d'oeuvre pour la construction d'un pôle d'échange multimodal de la Pilleuse,Annecy (74),concours restreint,MOE mission de base + EXE,10 650 000 € HT,10650000.0,37000.0,,candidatures,"[""références en transport multimodal""]",,True,False,mandataire LPS,[],"This is a restricted competition for the design and construction supervision of a multimodal transport hub in Annecy. It aligns perfectly with GBADW's core expertise in transport infrastructure, making it an ideal opportunity.","Este es un concurso restringido para la dirección de obra y supervisión de la construcción de un centro de transporte multimodal en Annecy. Se alinea perfectamente con la experiencia central de GBADW en infraestructura de transporte, lo que lo convierte en una oportunidad ideal.","Il s'agit d'un concours restreint pour la maîtrise d'oeuvre de la construction d'un pôle d'échange multimodal à Annecy. Cela correspond parfaitement à l'expertise de base de GBADW en infrastructures de transport, en faisant une opportunité idéale.",True,2026-10-03,False,100
BOAMP,26-92192,Rénovation du parking silo de la Halle aux Houblons: mission de maitrise d'œuvre,Ville de Haguenau,2026-09-25,2026-10-19,APPEL_OFFRE,SERVICES,Procédure Ouverte,67,71240000,,https://www.boamp.fr/pages/avis/?q=idweb:26-92192,,France,TRANSPORT,13,"parking, parking silo",ARCHITECT_LED,architecte,GO,CORE,TRANSPORT,85,TRANSPORT,Parking silo,Rénovation du parking silo de la Halle aux Houblons,Haguenau (67),appel d'offres ouvert,mission de maîtrise d'œuvre,,,,,offres,"[""Références en rénovation de parkings ou ouvrages similaires""]",,True,False,mandataire LPS,[],The project involves the renovation of a parking silo in Haguenau. It is a core transport project suitable for GBADW as the lead architect. No specific blocking points identified.,El proyecto implica la renovación de un silo de estacionamiento en Haguenau. Es un proyecto de transporte central adecuado para GBADW como arquitecto principal. No se identificaron puntos bloqueantes específicos.,Le projet concerne la rénovation d'un parking silo à Haguenau. C'est un projet de transport central adapté à GBADW en tant qu'architecte mandataire. Aucun point bloquant spécifique identifié.,True,2026-10-03,False,100
BOAMP,26-94573,Missions de maîtrise d'oeuvre en bâtiment à l'échelle de HAROPA PORT | Paris,Grand port fluvio maritime de l'axe Seine - Direction territoriale de Paris,2026-10-02,2026-10-12,APPEL_OFFRE,SERVICES,Procédure Ouverte,75 | 77 | 78 | 91 | 92 | 93 | 94 | 95 | 76,71310000,,https://www.boamp.fr/pages/avis/?q=idweb:26-94573,http://agysoft.marches-publics.info/,France,TRANSPORT,1,,ARCHITECT_LED,architecte,GO,CORE,TRANSPORT,85,TRANSPORT,maîtrise d'œuvre en bâtiment pour le port,Missions de maîtrise d'œuvre en bâtiment à l'échelle de HAROPA PORT à Paris.,Paris (75),appel d'offres ouvert,Missions de maîtrise d'œuvre en bâtiment,,,,,offres,[],,False,False,GBADW peut candidater en tant que mandataire via la libre prestation de services.,[],"The project involves architectural services for building works at HAROPA PORT in Paris, which aligns with GBADW's core competencies in transport architecture. GBADW can apply as a lead architect through the provision of services.","El proyecto implica servicios arquitectónicos para obras de construcción en HAROPA PORT en París, lo que se alinea con las competencias centrales de GBADW en arquitectura de transporte. GBADW puede postularse como arquitecto principal a través de la prestación de servicios.","Le projet concerne des services architecturaux pour des travaux de bâtiment à HAROPA PORT à Paris, ce qui correspond aux compétences clés de GBADW en architecture de transport. GBADW peut candidater en tant qu'architecte mandataire via la libre prestation de services.",True,2026-10-03,False,100
BOAMP,26-92409,Concours de maîtrise d'oeuvre relative à la construction du futur Centre Technique de RIOZ,Département de la Haute-Saône,2026-09-26,2026-10-28,APPEL_OFFRE,SERVICES,Procédure Restreinte,70,71240000,,https://www.boamp.fr/pages/avis/?q=idweb:26-92409,,France,MAINTENANCE,22,"centre technique, stockage",ARCHITECT_LED,architecte,GO,CORE,MAINTENANCE,90,MAINTENANCE,Centre Technique,Construction du futur Centre Technique de RIOZ avec une démarche d'écoconstruction.,Rioz (Haute-Saône),concours restreint,MOE mission de base + EXE,3 000 000 € HT,3000000.0,12000.0,3.0,candidatures,"[""3 réalisations pertinentes au regard de l'objet du concours""]",,True,False,mandataire LPS,[],The project involves the construction of a new Technical Center in Rioz with a strong focus on eco-construction. This is a perfect fit for GBADW as it aligns with their expertise in maintenance facilities.,El proyecto implica la construcción de un nuevo Centro Técnico en Rioz con un fuerte enfoque en la ecoconstrucción. Es un ajuste perfecto para GBADW ya que se alinea con su experiencia en instalaciones de mantenimiento.,Le projet concerne la construction d'un nouveau Centre Technique à Rioz avec une forte démarche d'écoconstruction. C'est un projet idéal pour GBADW car il correspond à leur expertise en infrastructures de maintenance.,True,2026-10-03,False,100
BOAMP,26-83795,Concours de Maîtrise d'Oeuvre pour la construction d'un pôle technique départemental à Francoulès,DEPARTEMENT DU LOT,2026-08-29,2026-10-22,APPEL_OFFRE,SERVICES,Procédure Restreinte,46,71200000,,https://www.boamp.fr/pages/avis/?q=idweb:26-83795,,France,MAINTENANCE,19,"atelier, engins, logistique, vehicules",ARCHITECT_LED,architecte,GO,CORE,MAINTENANCE,90,MAINTENANCE,pôle technique départemental,Construction d'un pôle technique départemental regroupant plusieurs entités fonctionnelles.,Francoulès (Lot),concours restreint,Maîtrise d'oeuvre,6 500 000 euros HT,6500000.0,30000.0,,candidatures,"[""Références en bâtiments techniques ou industriels similaires""]",,True,False,mandataire LPS,[],"The project involves the construction of a departmental technical hub in Francoulès, consolidating several functional entities. It's a core fit for GBADW as it aligns with their expertise in maintenance facilities.","El proyecto implica la construcción de un centro técnico departamental en Francoulès, consolidando varias entidades funcionales. Es un ajuste central para GBADW ya que se alinea con su experiencia en instalaciones de mantenimiento.","Le projet consiste en la construction d'un pôle technique départemental à Francoulès, regroupant plusieurs entités fonctionnelles. C'est un projet idéal pour GBADW car il correspond à leur expertise en infrastructures de maintenance.",True,2026-10-03,False,100
BOAMP,26-93378,"Étude de faisabilité, programmation et assistance à la sélection d'une maîtrise d'oeuvre dans la perspective de la réhabilitation, rénovation, extension du Centre Technique de Bernay",Intercom Bernay Terres de Normandie,2026-09-28,2026-10-16,APPEL_OFFRE,SERVICES,Procédure Adaptée,27,,,https://www.boamp.fr/pages/avis/?q=idweb:26-93378,,France,MAINTENANCE,11,centre technique,STUDY,inconnu,GO,CORE,MAINTENANCE,85,MAINTENANCE,Centre Technique,"Étude de faisabilité, programmation et assistance à la sélection d'une maîtrise d'œuvre pour la réhabilitation, rénovation, extension du Centre Technique de Bernay",Bernay (27),Procédure Adaptée,"Étude de faisabilité, programmation et assistance à la sélection d'une maîtrise d'œuvre",,,,,offres,"[""Références en études de faisabilité et programmation pour des centres techniques ou similaires""]",,,,mandataire LPS,[],"This project involves a feasibility study, programming, and assistance in selecting a project management team for the rehabilitation, renovation, and extension of the Bernay Technical Center. It fits GBADW's core focus on maintenance facilities, making it a suitable opportunity.","Este proyecto implica un estudio de viabilidad, programación y asistencia en la selección de un equipo de gestión de proyectos para la rehabilitación, renovación y ampliación del Centro Técnico de Bernay. Se ajusta al enfoque principal de GBADW en instalaciones de mantenimiento, lo que lo convierte en una oportunidad adecuada.","Ce projet implique une étude de faisabilité, de programmation et une assistance à la sélection d'une équipe de maîtrise d'œuvre pour la réhabilitation, la rénovation et l'extension du Centre Technique de Bernay. Il correspond au cœur de métier de GBADW sur les installations de maintenance, ce qui en fait une opportunité appropriée.",True,2026-10-03,False,100
TED,646838-2026,France – Services d'architecte pour les bâtiments – Marché avec négociation de maîtrise d’œuvre pour la rénovation d’un bâtiment sur le site St François du Centre Hospitalier Cœur de Bourbonnais,CHU de Clermont-Ferrand,2026-09-21,2026-10-20,CN-STANDARD,,neg-w-call,Tronget,71221000 | 71221000,,https://ted.europa.eu/fr/notice/-/detail/646838-2026,,France,HEALTH,17,"centre hospitalier, hospitalier",ARCHITECT_LED,architecte,GO,CORE,HEALTH,85,HEALTH,rénovation d'un bâtiment hospitalier,Marché avec négociation de maîtrise d’œuvre pour la rénovation d’un bâtiment sur le site St François du Centre Hospitalier Cœur de Bourbonnais,Tronget (Allier),procédure avec négociation,MOE mission de base,,,,,candidatures,"[""Références en rénovation de bâtiments hospitaliers""]",,True,False,mandataire LPS,[],This is a project for the renovation of a hospital building at the Centre Hospitalier Cœur de Bourbonnais. It fits GBADW's core focus on health-related architecture and allows them to lead as the main architect.,Este es un proyecto para la renovación de un edificio hospitalario en el Centre Hospitalier Cœur de Bourbonnais. Se ajusta al enfoque principal de GBADW en arquitectura relacionada con la salud y les permite liderar como arquitectos principales.,Il s'agit d'un projet de rénovation d'un bâtiment hospitalier au Centre Hospitalier Cœur de Bourbonnais. Cela correspond au cœur de métier de GBADW en architecture liée à la santé et leur permet de se positionner en tant qu'architecte mandataire.,True,2026-10-03,False,100
BOAMP,26-94467,Marché de Maîtrise d'oeuvre pour la restructuration des Urgences - Centre Hospitalier Saint-Brieuc-Paimpol-Treguier - Site de Saint-Brieuc,CH Saint-Brieuc-Paimpol-Tréguier-Travaux,2026-10-02,2026-10-12,APPEL_OFFRE,SERVICES,Procédure Négociée,22,71240000,,https://www.boamp.fr/pages/avis/?q=idweb:26-94467,http://agysoft.marches-publics.info/,France,HEALTH,23,"centre hospitalier, hospitalier, urgences",ARCHITECT_LED,architecte,GO,CORE,HEALTH,90,HEALTH,restructuration des Urgences,Marché de Maîtrise d'oeuvre pour la restructuration des Urgences du Centre Hospitalier Saint-Brieuc-Paimpol-Treguier,Saint-Brieuc (22),procédure avec négociation,Maîtrise d'oeuvre,,,,,offres,"[""inscription à l'ordre des architectes"", ""attestations sociales et fiscales"", ""références similaires""]",,True,,mandataire LPS,[],This is a project for the restructuring of the emergency department at the Saint-Brieuc Hospital. It fits GBADW's core focus on health-related buildings and allows them to lead as the main architect.,Este es un proyecto para la reestructuración del departamento de urgencias del Hospital de Saint-Brieuc. Se ajusta al enfoque principal de GBADW en edificios relacionados con la salud y les permite liderar como arquitectos principales.,Il s'agit d'un projet de restructuration des urgences du Centre Hospitalier de Saint-Brieuc. Cela correspond au cœur de métier de GBADW sur les bâtiments liés à la santé et leur permet de se positionner en tant qu'architecte mandataire.,True,2026-10-03,False,100
BOAMP,26-89192,Mission de maîtrise d’œuvre pour l’opération : Clinique des équidés – Réhabilitation de l’aile EST du bâtiment 13,Comue de Toulouse,2026-09-16,2026-10-15,APPEL_OFFRE,SERVICES,Procédure Ouverte,31,71000000,,https://www.boamp.fr/pages/avis/?q=idweb:26-89192,https://www.marches-publics.gouv.fr/entreprise,France,HEALTH,11,clinique,ARCHITECT_LED,architecte,GO,CORE,HEALTH,85,HEALTH,Clinique des équidés,Réhabilitation de l’aile EST du bâtiment 13 de la Clinique des équidés,Toulouse (31),appel d'offres ouvert,Mission de maîtrise d’œuvre,,,,,offres,"[""Références en réhabilitation de bâtiments de santé""]",,True,False,mandataire LPS,[],The project involves the rehabilitation of the east wing of the equine clinic building in Toulouse. It fits GBADW's core focus on health-related buildings and allows them to lead as the main architect.,El proyecto implica la rehabilitación del ala este del edificio de la clínica equina en Toulouse. Se ajusta al enfoque principal de GBADW en edificios relacionados con la salud y les permite liderar como arquitectos principales.,Le projet concerne la réhabilitation de l'aile est du bâtiment de la clinique des équidés à Toulouse. Il correspond au cœur de métier de GBADW sur les bâtiments liés à la santé et leur permet de se positionner en tant qu'architecte mandataire.,True,2026-10-03,False,100
BOAMP,26-88731,CONCOURS RESTREINT DE MAITRISE D'OEUVRE EN VUE DE LA CONSTRUCTION DU NOUVEL ETAT MAJOR DU SDIS DE GUYANE,SDIS 973,2026-09-15,2026-10-12,APPEL_OFFRE,SERVICES,Procédure Restreinte,973,71200000,,https://www.boamp.fr/pages/avis/?q=idweb:26-88731,http://agysoft.marches-publics.info/,France,MAINTENANCE,21,sdis,ARCHITECT_LED,architecte,MAYBE,CORE,MAINTENANCE,75,MAINTENANCE,État-major du SDIS,Construction du nouvel état-major du SDIS de Guyane,Matoury (973),concours restreint,MOE mission de base,,,,,offres,"[""Références en bâtiments similaires""]",,True,,mandataire LPS ou cotraitant d'une agence française,"[""Références spécifiques en bâtiments de type SDIS peuvent être exigées""]","This is a restricted design competition for the new headquarters of the SDIS in Guyane. It fits GBADW's core sector of maintenance buildings, but specific references in similar projects might be required.","Este es un concurso restringido de diseño para el nuevo cuartel general del SDIS en Guyana. Se ajusta al sector principal de GBADW de edificios de mantenimiento, pero podrían requerirse referencias específicas en proyectos similares.","Il s'agit d'un concours restreint de maîtrise d'œuvre pour le nouvel état-major du SDIS en Guyane. Cela correspond au secteur principal de GBADW pour les bâtiments de maintenance, mais des références spécifiques dans des projets similaires pourraient être exigées.",True,2026-10-03,False,80
BOAMP,26-87059,"Concours restreint de maîtrise d'oeuvre pour la restructuration et l'extension des services de PUI, Chambre mortuaire (CM), UCA et Blanchisserie du CH de Châteaudun",Groupement Hospitalier de Territoire d'Eure-et-Loir,2026-09-10,2026-10-15,APPEL_OFFRE,SERVICES,Procédure Restreinte,28,71223000,,https://www.boamp.fr/pages/avis/?q=idweb:26-87059,http://agysoft.marches-publics.info/,France,HEALTH,22,"centre hospitalier, hospitalier, pharmacie",ARCHITECT_LED,architecte,MAYBE,CORE,HEALTH,75,HEALTH,restructuration et extension hospitalière,"Restructuration et extension des services de PUI, Chambre mortuaire, UCA et Blanchisserie du CH de Châteaudun",Châteaudun (28),concours restreint,MOE mission de base + ESQ+,"3.300.000,00 euros HT",3300000.0,13500.0,3.0,candidatures,"[""Constructions et/ou restructurations de surface supérieure à 1 000 m²"", ""Établissements recevant du public (Erp) de même type (établissement sanitaire ou médico-sociaux)"", ""Opérations réalisées en site occupé avec optimisation énergétique du bâtiment""]",,True,True,cotraitant d'une agence française,"[""Références exigées dans le domaine hospitalier que GBADW n'a pas""]",This is a restricted competition for the restructuring and extension of hospital services in Châteaudun. GBADW could participate as a co-contractor with a French agency due to the specific healthcare references required.,Este es un concurso restringido para la reestructuración y ampliación de servicios hospitalarios en Châteaudun. GBADW podría participar como co-contratista con una agencia francesa debido a las referencias específicas requeridas en el ámbito sanitario.,Il s'agit d'un concours restreint pour la restructuration et l'extension des services hospitaliers à Châteaudun. GBADW pourrait participer en tant que cotraitant avec une agence française en raison des références spécifiques requises dans le domaine de la santé.,True,2026-10-03,False,80
TED,612826-2026,"France – Services d'architecture, services de construction, services d'ingénierie et services d'inspection – Accord-cadre à bons de commande portant sur la réalisation de missions de maîtrise d'œuvre",SID IDF,2026-09-07,2026-10-20,CN-STANDARD,,oth-mult,Saint-Germain-en-Laye,71000000 | 71000000 | 71000000 | 71000000 | 71000000 | 71000000 | 71000000,,https://ted.europa.eu/fr/notice/-/detail/612826-2026,,France,HEALTH,9,"hopitaux, sante",ARCHITECT_LED,architecte,MAYBE,CORE,HEALTH,75,HEALTH,hôpitaux,Accord-cadre à bons de commande pour des missions de maîtrise d'œuvre dans le secteur de la santé.,Saint-Germain-en-Laye (Yvelines),autre,MOE mission de base + EXE,,,,,candidatures,"[""Références en santé exigées""]",,True,False,mandataire LPS ou cotraitant d'une agence française,"[""Références en santé exigées que GBADW n'a pas""]","This is a framework agreement for project management services in the health sector. GBADW could be interested, but they need a French partner with health sector references.","Este es un acuerdo marco para servicios de gestión de proyectos en el sector de la salud. GBADW podría estar interesada, pero necesita un socio francés con referencias en el sector de la salud.","Il s'agit d'un accord-cadre pour des missions de maîtrise d'œuvre dans le secteur de la santé. GBADW pourrait être intéressée, mais elle a besoin d'un partenaire français avec des références dans le secteur de la santé.",True,2026-10-03,False,80
BOAMP,26-92149,CONCOURS EN VUE DE L'ATTRIBUTION DU MARCHE DE MAITRISE D'OEUVRE POUR LA RECONSTRUCTION D'UN BATIMENT DE LABORATOIRES AVEC UNE PARTIE TERTIAIRE SUR LE SITE DE MAISONS-ALFORT,ANSES,2026-09-25,2026-10-23,APPEL_OFFRE,SERVICES,Procédure Restreinte,94,71240000,,https://www.boamp.fr/pages/avis/?q=idweb:26-92149,https://www.marches-publics.info/,France,HEALTH,11,,ARCHITECT_LED,architecte,MAYBE,CORE,HEALTH,75,HEALTH,bâtiment de laboratoires avec partie tertiaire,Reconstruction d'un bâtiment de laboratoires avec des espaces tertiaires sur le site de Maisons-Alfort.,Maisons-Alfort (94),concours restreint,maîtrise d'œuvre,,,50000.0,3.0,candidatures,"[""4 hôpitaux ou laboratoires livrés de moins de 5 ans""]",,True,True,GBADW peut candidater en tant que mandataire via une déclaration de libre prestation de services.,"[""Références exigées de 4 hôpitaux ou laboratoires livrés de moins de 5 ans.""]","The project involves the reconstruction of a laboratory building with tertiary spaces at the Maisons-Alfort site. GBADW may participate as the lead architect, but specific references to recent health-related projects are required.","El proyecto implica la reconstrucción de un edificio de laboratorios con espacios terciarios en el sitio de Maisons-Alfort. GBADW puede participar como arquitecto principal, pero se requieren referencias específicas a proyectos de salud recientes.","Le projet concerne la reconstruction d'un bâtiment de laboratoires avec des espaces tertiaires sur le site de Maisons-Alfort. GBADW peut participer en tant qu'architecte mandataire, mais des références spécifiques à des projets de santé récents sont exigées.",True,2026-10-03,False,80
BOAMP,26-56841,Système d’acquisition dynamique pour la passation de marchés de maitrise d’œuvre pour le GHT Alliance Gironde 33,CHU BORDEAUX,2026-06-11,2030-06-10,APPEL_OFFRE,SERVICES,Procédure Ouverte,33,71240000,,https://www.boamp.fr/pages/avis/?q=idweb:26-56841,https://www.marches-publics.gouv.fr/entreprise,France,HEALTH,14,"chu, ght",ARCHITECT_LED,architecte,MAYBE,CORE,HEALTH,75,HEALTH,Système d’acquisition dynamique pour maîtrise d’œuvre,Maîtrise d'œuvre pour des projets de construction neuve et réhabilitation dans le secteur de la santé pour le GHT Alliance Gironde 33,Bordeaux (33),appel d'offres ouvert,Maîtrise d'œuvre tous corps d’état,,,,,candidatures,"[""Maîtrise d'œuvre dans le secteur de la santé""]",,True,False,mandataire LPS ou cotraitant d'une agence française,"[""Références spécifiques dans le secteur de la santé peuvent être exigées""]","This is a dynamic acquisition system for project management in the health sector in Bordeaux. GBADW could participate as a lead architect, but specific health sector references might be required.","Este es un sistema de adquisición dinámica para la gestión de proyectos en el sector de la salud en Burdeos. GBADW podría participar como arquitecto principal, pero podrían requerirse referencias específicas en el sector de la salud.","Il s'agit d'un système d'acquisition dynamique pour la maîtrise d'œuvre dans le secteur de la santé à Bordeaux. GBADW pourrait participer en tant qu'architecte mandataire, mais des références spécifiques dans le secteur de la santé pourraient être nécessaires.",True,2026-10-03,False,80
BOAMP,26-86545,Maîtrise d'oeuvre pour la construction de locaux médicaux et paramédicaux sur la commune de Cervione,MAIRIE DE CERVIONE,2026-09-08,2026-10-09,APPEL_OFFRE,SERVICES,Procédure Ouverte,20B,71200000 | 71221000,,https://www.boamp.fr/pages/avis/?q=idweb:26-86545,http://agysoft.marches-publics.info/,France,HEALTH,1,"mairie, tribunal",ARCHITECT_LED,architecte,MAYBE,CORE,HEALTH,75,HEALTH,locaux médicaux et paramédicaux,Maîtrise d'œuvre pour la construction de locaux médicaux et paramédicaux sur la commune de Cervione.,Cervione (20B),appel d'offres ouvert,MOE mission de base,,,,,offres,"[""4 hôpitaux ou centres de santé livrés de moins de 5 ans""]",,True,True,GBADW peut candidater en tant que mandataire via une déclaration de libre prestation de services.,"[""Références exigées que GBADW n'a pas : 4 hôpitaux ou centres de santé livrés de moins de 5 ans.""]","The project involves the construction of medical and paramedical facilities in Cervione. GBADW may consider this opportunity, but would need to partner with a French agency that has the required recent health references.","El proyecto implica la construcción de instalaciones médicas y paramédicas en Cervione. GBADW podría considerar esta oportunidad, pero necesitaría asociarse con una agencia francesa que tenga las referencias recientes requeridas en el ámbito de la salud.","Le projet concerne la construction de locaux médicaux et paramédicaux à Cervione. GBADW pourrait envisager cette opportunité, mais devrait s'associer à une agence française ayant les références récentes requises dans le domaine de la santé.",True,2026-10-03,False,80
TED,632962-2026,"France – Services d'architecture, services de construction, services d'ingénierie et services d'inspection – Concours restreint de maîtrise d'œuvre pour l’élaboration d’un plan-guide du quartier de l’Eglise et l’extension de la maison de santé pluriprofessionnelle universitaire. à Brétignolles-sur-Mer (85)",Commune de Brétignolles-sur-Mer,2026-09-15,2026-10-14,CN-STANDARD,,oth-mult,BRETIGNOLLES-SUR-MER,71000000 | 71000000,,https://ted.europa.eu/fr/notice/-/detail/632962-2026,,France,HEALTH,29,"maison de sante, maison de sante pluriprofessionnelle, sante",ARCHITECT_LED,architecte,MAYBE,CORE,HEALTH,75,HEALTH,extension de maison de santé,Concours restreint de maîtrise d'œuvre pour l’élaboration d’un plan-guide du quartier de l’Eglise et l’extension de la maison de santé pluriprofessionnelle universitaire.,Brétignolles-sur-Mer (85),concours restreint,MOE mission de base,,,,,candidatures,"[""Compétences requises indiquées dans le règlement de concours""]",,True,,mandataire LPS ou cotraitant d'une agence française,"[""Références spécifiques en santé peuvent être exigées""]","This is a restricted design competition for a master plan and the extension of a health center in Brétignolles-sur-Mer. GBADW could participate as the lead architect, but specific health-related references might be required.","Este es un concurso restringido de diseño para un plan maestro y la ampliación de un centro de salud en Brétignolles-sur-Mer. GBADW podría participar como arquitecto principal, pero podrían requerirse referencias específicas relacionadas con la salud.","Il s'agit d'un concours restreint de maîtrise d'œuvre pour un plan-guide et l'extension d'une maison de santé à Brétignolles-sur-Mer. GBADW pourrait participer en tant qu'architecte mandataire, mais des références spécifiques en santé pourraient être exigées.",True,2026-10-03,False,80
BOAMP,26-92128,mission de maîtrise d'oeuvre pour la modernisation du quai de transfert de Grézian (65440),SMTD 65,2026-09-23,2026-10-23,APPEL_OFFRE,SERVICES,Procédure Ouverte,65,71000000,,https://www.boamp.fr/pages/avis/?q=idweb:26-92128,,France,TRANSPORT,1,,ARCHITECT_LED,inconnu,MAYBE,CORE,TRANSPORT,70,TRANSPORT,modernisation d'un quai de transfert,mission de maîtrise d'oeuvre pour la modernisation du quai de transfert de Grézian.,Grézian (65),appel d'offres ouvert,mission de maîtrise d'oeuvre,,,,,offres,"[""références en maîtrise d'œuvre pour des projets de transport similaires""]",,True,False,GBADW peut candidater en tant que mandataire via la déclaration de libre prestation de services.,"[""références exigées en maîtrise d'œuvre pour des projets de transport similaires que GBADW n'a pas.""]","The project involves the modernization of a transfer quay, which fits within GBADW's core competencies in transport architecture. However, specific references in similar transport projects are required, which GBADW may not possess.","El proyecto implica la modernización de un muelle de transferencia, lo que se ajusta a las competencias clave de GBADW en arquitectura de transporte. Sin embargo, se requieren referencias específicas en proyectos de transporte similares, que GBADW puede no poseer.","Le projet concerne la modernisation d'un quai de transfert, ce qui correspond aux compétences clés de GBADW en architecture de transport. Cependant, des références spécifiques dans des projets de transport similaires sont exigées, que GBADW pourrait ne pas avoir.",True,2026-10-03,False,75
BOAMP,26-86548,Maîtrise d'oeuvre pour le réaménagement et l'ameublement du plateau du 3e étage de la CPAM de l'Essonne,Caisse primaire d'Assurance maladie de l'Essonne,2026-09-07,2026-10-16,APPEL_OFFRE,SERVICES,Procédure Ouverte,91,71221000,,https://www.boamp.fr/pages/avis/?q=idweb:26-86548,,France,HEALTH,1,,ARCHITECT_LED,architecte,MAYBE,CORE,HEALTH,70,HEALTH,réaménagement de bureau,Réaménagement et ameublement du plateau du 3e étage de la CPAM de l'Essonne.,Évry (91),appel d'offres ouvert,Maîtrise d'œuvre pour le réaménagement et l'ameublement.,,,,,offres,"[""Références en réaménagement de bureaux ou de bâtiments de santé exigées.""]",,True,True,GBADW peut candidater en tant que mandataire via une agence française partenaire.,"[""Références exigées en réaménagement de bureaux ou de bâtiments de santé.""]",The project involves the redesign and furnishing of the third floor of the CPAM building in Évry. GBADW could participate as a partner with a French agency that has relevant references in health-related projects.,El proyecto implica la remodelación y el mobiliario del tercer piso del edificio de la CPAM en Évry. GBADW podría participar como socio con una agencia francesa que tenga referencias relevantes en proyectos relacionados con la salud.,Le projet concerne le réaménagement et l'ameublement du troisième étage du bâtiment de la CPAM à Évry. GBADW pourrait participer en tant que partenaire avec une agence française ayant des références pertinentes dans des projets liés à la santé.,True,2026-10-03,False,75
BOAMP,26-84487,ACCORD-CADRE MIXTE DE MAÎTRISE D'OEUVRE,GHT Cévennes-Gard-Camargue,2026-09-01,2026-10-23,APPEL_OFFRE,SERVICES,Procédure Ouverte,30,71200000 | 71240000 | 71300000 | 71312000,5000000,https://www.boamp.fr/pages/avis/?q=idweb:26-84487,https://www.agysoft.marches-publics.info,France,HEALTH,23,"centre hospitalier, chu, ehpad, ght, hospitalier, hospitaliers",ARCHITECT_LED,architecte,MAYBE,CORE,HEALTH,70,HEALTH,réhabilitation et réaménagement d'ouvrages existants,"Maîtrise d'œuvre pour des opérations de réhabilitation, restructuration, réaménagement d'ouvrages existants dans le secteur de la santé.",Nîmes (30),appel d'offres ouvert,Maîtrise d'œuvre,5000000,5000000.0,,,offres,"[""Références en réhabilitation et restructuration d'ouvrages de santé""]",,True,,cotraitant d'une agence française,"[""Références en réhabilitation et restructuration d'ouvrages de santé exigées""]",This project involves architectural services for the rehabilitation and restructuring of existing healthcare facilities. GBADW could participate as a co-contractor with a French agency due to the requirement for specific healthcare project references.,Este proyecto implica servicios de arquitectura para la rehabilitación y reestructuración de instalaciones sanitarias existentes. GBADW podría participar como co-contratista con una agencia francesa debido a la necesidad de referencias específicas en proyectos de salud.,Ce projet concerne des services d'architecture pour la réhabilitation et la restructuration d'ouvrages de santé existants. GBADW pourrait participer en tant que cotraitant avec une agence française en raison de l'exigence de références spécifiques dans le domaine de la santé.,True,2026-10-03,False,75
TED,399174-2026,"France – Services d'architecture, d'ingénierie et de planification – Système d’acquisition dynamique pour la passation de marchés de maitrise d’œuvre pour le GHT Alliance Gironde 33",CHU de Bordeaux,2026-06-11,2030-06-10,CN-STANDARD,,open,TALENCE,71240000 | 71240000 | 71240000 | 71240000 | 71240000,,https://ted.europa.eu/fr/notice/-/detail/399174-2026,,France,HEALTH,11,ght,ARCHITECT_LED,architecte,MAYBE,CORE,HEALTH,70,HEALTH,projets de construction neuve et réhabilitation,Maitrise d’œuvre pour des projets de construction neuve et réhabilitation pour le GHT Alliance Gironde 33,Talence (Gironde),autre,Maitrise d’œuvre tous corps d’état,,,,,inconnu,"[""Références en projets de santé exigées""]",,True,False,cotraitant d'une agence française,"[""Références en projets de santé exigées que GBADW n'a pas""]","This is a project for architectural services in the health sector, specifically for new construction and rehabilitation projects for the GHT Alliance Gironde 33. GBADW could participate as a co-contractor with a French agency due to the required health project references.","Este es un proyecto de servicios de arquitectura en el sector de la salud, específicamente para proyectos de nueva construcción y rehabilitación para el GHT Alliance Gironde 33. GBADW podría participar como co-contratista con una agencia francesa debido a las referencias requeridas en proyectos de salud.","Il s'agit d'un projet de services d'architecture dans le secteur de la santé, spécifiquement pour des projets de construction neuve et de réhabilitation pour le GHT Alliance Gironde 33. GBADW pourrait participer en tant que cotraitant avec une agence française en raison des références en projets de santé exigées.",True,2026-10-03,False,75
BOAMP,26-90740,Prestation de maitrise d’œuvre pour l’aménagement d’une nouvelle maison du don sur la commune de Bourgoin-Jallieu,Etablissement Français du Sang,2026-09-18,2026-10-09,APPEL_OFFRE,SERVICES,Procédure Adaptée,38,,,https://www.boamp.fr/pages/avis/?q=idweb:26-90740,,France,HEALTH,1,,ARCHITECT_LED,architecte,MAYBE,CORE,HEALTH,70,HEALTH,maison du don,Prestation de maîtrise d'œuvre pour l'aménagement d'une nouvelle maison du don.,Bourgoin-Jallieu (38),appel d'offres ouvert,MOE mission de base + études de projet + assistance à la passation des marchés de travaux,470 000 euros HT,470000.0,,,offres,"[""4 EHPAD livrés de moins de 5 ans exigés""]",,True,False,GBADW peut candidater avec une agence française partenaire.,"[""Références exigées : 4 EHPAD livrés de moins de 5 ans.""]",The project involves the design of a new blood donation center in Bourgoin-Jallieu. GBADW may participate but needs a French partner with relevant references in health architecture.,"El proyecto implica el diseño de un nuevo centro de donación de sangre en Bourgoin-Jallieu. GBADW puede participar, pero necesita un socio francés con referencias relevantes en arquitectura de salud.",Le projet concerne la conception d'une nouvelle maison du don à Bourgoin-Jallieu. GBADW peut participer mais a besoin d'un partenaire français avec des références pertinentes en architecture de santé.,True,2026-10-03,False,75
TED,626015-2026,France – Services d'architecte pour les bâtiments – Concours restreint de maîtrise d'œuvre pour la construction d'une extension de 48 lits d'EHPAD à l'Hôpital Intercommunal du Haut Limousin,"CHU de Limoges, en tant qu'établissement support du GHT du Limousin",2026-09-10,2026-10-12,CN-STANDARD,,oth-mult,LIMOGES,71221000 | 71221000,,https://ted.europa.eu/fr/notice/-/detail/626015-2026,,France,HEALTH,29,"ehpad, hopital, lits",ARCHITECT_LED,architecte,MAYBE,CORE,HEALTH,70,HEALTH,extension d'EHPAD,Concours restreint de maîtrise d'œuvre pour la construction d'une extension de 48 lits d'EHPAD à l'Hôpital Intercommunal du Haut Limousin,Limoges (Haute-Vienne),concours restreint,MOE mission de base + EXE,8 600 000 € HT,8600000.0,,,candidatures,"[""4 EHPAD livrés de moins de 5 ans""]",,True,,cotraitant d'une agence française,"[""4 EHPAD livrés de moins de 5 ans exigés""]",This is a restricted design competition for the extension of a 48-bed EHPAD at the Intercommunal Hospital of Haut Limousin. GBADW could participate as a co-contractor with a French agency that has the required references.,Este es un concurso restringido de diseño para la ampliación de un EHPAD de 48 camas en el Hospital Intercomunal de Haut Limousin. GBADW podría participar como co-contratista con una agencia francesa que tenga las referencias requeridas.,Il s'agit d'un concours restreint de maîtrise d'œuvre pour l'extension de 48 lits d'EHPAD à l'Hôpital Intercommunal du Haut Limousin. GBADW pourrait participer en tant que cotraitant avec une agence française ayant les références requises.,True,2026-10-03,False,75
TED,676260-2026,"France – Services d'architecture, services de construction, services d'ingénierie et services d'inspection – MARCHE MOE POUR L'EXTENSION, LA RESTRUCTURATION ET LA REHABILITATION THERMIQUE D'UN EHPAD ET D'UN FJT COMPRENANT UNE TRANCHE OPTIONNELLE RELATIVE A LA CREATION D'UNE MICRO CRECHE A BREST",SA HLM BSB LES FOYERS,2026-10-01,2026-10-30,CN-STANDARD,,neg-w-call,Brest,71000000 | 71000000,0.00,https://ted.europa.eu/fr/notice/-/detail/676260-2026,,France,HEALTH,11,ehpad,ARCHITECT_LED,architecte,MAYBE,CORE,HEALTH,65,HEALTH,EHPAD et FJT,"Extension, restructuration et réhabilitation thermique d'un EHPAD et d'un FJT avec création d'une micro-crèche",Brest (29),procédure avec négociation,MOE mission de base,,,,,offres,"[""Références d'EHPAD livrés de moins de 5 ans""]",,True,True,cotraitant d'une agence française,"[""Références d'EHPAD livrés de moins de 5 ans exigées""]","The project involves the extension, restructuring, and thermal rehabilitation of an EHPAD and a FJT in Brest, including the creation of a micro-crèche. GBADW could participate as a co-contractor with a French agency due to the requirement for recent EHPAD references.","El proyecto implica la ampliación, reestructuración y rehabilitación térmica de un EHPAD y un FJT en Brest, incluyendo la creación de una microguardería. GBADW podría participar como co-contratista con una agencia francesa debido a la exigencia de referencias recientes de EHPAD.","Le projet concerne l'extension, la restructuration et la réhabilitation thermique d'un EHPAD et d'un FJT à Brest, avec la création d'une micro-crèche. GBADW pourrait participer en tant que cotraitant avec une agence française en raison de l'exigence de références récentes d'EHPAD.",True,2026-10-03,False,70
BOAMP,26-90260,Mission De Maitrise D'Oeuvre (Moe) Pour La Mise Aux Normes Des Systemes De Desemfumage Des Ehpad C.Manceaux Et R.Thomas,Centre communal d'action sociale de Rennes,2026-09-17,2026-10-26,APPEL_OFFRE,SERVICES,Procédure Ouverte,35,71240000,,https://www.boamp.fr/pages/avis/?q=idweb:26-90260,,France,HEALTH,11,ehpad,ARCHITECT_LED,architecte,MAYBE,CORE,HEALTH,60,HEALTH,EHPAD,Mise aux normes des systèmes de désenfumage des EHPAD C. Manceaux et R. Thomas,Rennes (35),appel d'offres ouvert,MOE pour la mise aux normes des systèmes de désenfumage,,,,,offres,"[""Références en mise aux normes de systèmes de désenfumage""]",,True,False,cotraitant d'une agence française,"[""Références spécifiques en mise aux normes de systèmes de désenfumage exigées""]","This project involves updating the smoke extraction systems in two EHPADs in Rennes. While it fits GBADW's health sector focus, specific references in smoke extraction systems are required, suggesting a partnership with a French agency.","Este proyecto implica la actualización de los sistemas de extracción de humo en dos EHPAD en Rennes. Aunque encaja en el enfoque del sector salud de GBADW, se requieren referencias específicas en sistemas de extracción de humo, lo que sugiere una asociación con una agencia francesa.","Ce projet concerne la mise aux normes des systèmes de désenfumage de deux EHPAD à Rennes. Bien qu'il corresponde au secteur santé de GBADW, des références spécifiques en systèmes de désenfumage sont exigées, suggérant un partenariat avec une agence française.",True,2026-10-03,False,65
BOAMP,26-90739,MOE - HP2-BioB,UNIVERSITE GRENOBLE ALPES,2026-09-18,2026-10-20,APPEL_OFFRE,SERVICES,Procédure Adaptée,38,,,https://www.boamp.fr/pages/avis/?q=idweb:26-90739,,France,HEALTH,1,,ARCHITECT_LED,inconnu,MAYBE,CORE,HEALTH,60,HEALTH,extension d'animalerie,Opération d’extension de l’animalerie BEeSY sur le bâtiment BioB.,Saint-Martin-D’hères (38),appel d'offres ouvert,Maîtrise d'œuvre pour l'extension d'un bâtiment lié à la santé.,,,,,offres,"[""références en conception d'installations de santé ou d'extensions similaires""]",,True,True,GBADW peut candidater en tant que mandataire via une agence française partenaire.,"[""Références exigées en santé que GBADW n'a pas, nécessitant un partenaire français.""]","The project involves the extension of a health-related facility, which aligns with GBADW's interests. However, specific health-related references are required that GBADW does not possess, necessitating a partnership with a French agency.","El proyecto implica la ampliación de una instalación relacionada con la salud, lo que se alinea con los intereses de GBADW. Sin embargo, se requieren referencias específicas en salud que GBADW no posee, lo que requiere una asociación con una agencia francesa.","Le projet concerne l'extension d'un bâtiment lié à la santé, ce qui correspond aux intérêts de GBADW. Cependant, des références spécifiques en santé sont exigées que GBADW ne possède pas, nécessitant un partenariat avec une agence française.",True,2026-10-03,False,65
BOAMP,26-94229,Marché Global Sectoriel pour le projet de restructuration du Centre Hospitalier Vercors Isère - Nouveau Plateau Technique,Centre Hospitalier de Valence - Etablissement support GHT DAV,2026-10-01,2026-11-04,APPEL_OFFRE,TRAVAUX,Procédure Dialogue compétitif,26,45215100 | 71200000 | 71312000,17500000,https://www.boamp.fr/pages/avis/?q=idweb:26-94229,http://www.marches-publics.info/accueil.htm,France,HEALTH,5,"centre hospitalier, ehpad, ght, hospitalier, plateau technique, sante",DESIGN_BUILD,entreprise de travaux,MAYBE,CORE,HEALTH,60,HEALTH,hospital restructuring,Restructuration du Centre Hospitalier Vercors Isère - Nouveau Plateau Technique,Valence (26),marché global,conception-réalisation,17500000,17500000.0,,,candidatures,"[""Capacités techniques et financières pour un marché global sectoriel""]",,,True,cotraitant d'une agence française,"[""Équipe menée par une entreprise de travaux"", ""GBADW serait sous-traitant, ce qui n'est pas leur modèle""]","The project involves the restructuring of the Vercors Isère Hospital with a new technical platform. It's a design-build contract led by a construction company, which doesn't align with GBADW's preferred role as a lead architect.","El proyecto implica la reestructuración del Hospital Vercors Isère con una nueva plataforma técnica. Es un contrato de diseño-construcción liderado por una empresa de construcción, lo cual no se alinea con el rol preferido de GBADW como arquitecto principal.","Le projet concerne la restructuration du Centre Hospitalier Vercors Isère avec un nouveau plateau technique. C'est un contrat de conception-réalisation mené par une entreprise de travaux, ce qui ne correspond pas au modèle préféré de GBADW en tant qu'architecte mandataire.",True,2026-10-03,False,25
BOAMP,26-92377,Maîtrise d'oeuvre en vue de l'aménagement d'un passage souterrain à gabarit réduit sous la voie ferrée au droit du PN76,Commune de Thonon-les-Bains,2026-09-25,2026-10-26,APPEL_OFFRE,SERVICES,Procédure Ouverte,74,71300000,0.00,https://www.boamp.fr/pages/avis/?q=idweb:26-92377,https://www.achatpublic.com/sdm/ent2/gen/index.jsp,France,TRANSPORT,1,,ARCHITECT_LED,inconnu,NO,NO,TRANSPORT,20,OTHER,passage souterrain,Aménagement d'un passage souterrain à gabarit réduit sous la voie ferrée.,Thonon-les-Bains (74),appel d'offres ouvert,Maîtrise d'oeuvre,,,,,offres,[],,False,False,GBADW n'est pas éligible car il s'agit d'une mission d'architecte sans bâtiment.,"[""Pas de bâtiment lié à la santé, au transport ou à la maintenance.""]",The project involves the development of a reduced-gauge underground passage under the railway. This does not fit GBADW's core competencies as it lacks a building component.,El proyecto implica el desarrollo de un paso subterráneo de gálibo reducido bajo la vía del tren. Esto no se ajusta a las competencias centrales de GBADW ya que carece de un componente de edificio.,Le projet concerne l'aménagement d'un passage souterrain à gabarit réduit sous la voie ferrée. Cela ne correspond pas aux compétences principales de GBADW car il n'y a pas de composant bâtiment.,True,2026-10-03,False,20
BOAMP,26-94322,MARCHE GLOBAL POUR LA CONCEPTION - INSTALLATION D'UN BATIMENT MODULAIRE A USAGE DE CONSULTATIONS PASS · CLAT · CEGIDD VACCINATION POUR LE CENTRE HOSPITALIER DE CALAIS,Centre hospitalier de Boulogne sur mer Direction Territoriale des Achats,2026-09-30,2026-11-06,APPEL_OFFRE,TRAVAUX,Procédure Ouverte,62,45000000,,https://www.boamp.fr/pages/avis/?q=idweb:26-94322,,France,HEALTH,-8,"centre hospitalier, hospitalier",DESIGN_BUILD,entreprise de travaux,MAYBE,CORE,HEALTH,50,HEALTH,bâtiment modulaire de santé,Conception et installation d'un bâtiment modulaire pour consultations médicales,Calais (62),marché global,conception et installation,,,,,offres,"[""COMPETENCE DU MANDATAIRE DU GROUPEMENT : ENTREPRISE DE INSTALLATION / CONSTRUCTION DE BATIMENT MODULAIRE""]",,False,True,"non éligible en tant que mandataire, possible en cotraitance","[""Équipe menée par une entreprise de travaux"", ""GBADW serait sous-traitant""]","This project involves the design and installation of a modular health building in Calais. It is a design-build contract led by a construction company, which does not align with GBADW's preferred role as the lead architect.","Este proyecto implica el diseño e instalación de un edificio modular de salud en Calais. Es un contrato de diseño-construcción liderado por una empresa constructora, lo cual no se alinea con el rol preferido de GBADW como arquitecto principal.","Ce projet concerne la conception et l'installation d'un bâtiment modulaire de santé à Calais. Il s'agit d'un marché global mené par une entreprise de construction, ce qui ne correspond pas au rôle préféré de GBADW en tant qu'architecte mandataire.",True,2026-10-03,False,15
BOAMP,26-88991,Accord-cadre de missions de coordination en matière de systèmes de sécurité incendie (CSSI) pour les opérations de travaux de réhabilitation du Centre Hospitalier Universitaire de Martinique,CHU de Martinique,2026-09-16,2026-10-16,APPEL_OFFRE,SERVICES,Procédure Ouverte,972,71317100,1500000,https://www.boamp.fr/pages/avis/?q=idweb:26-88991,https://www.marches-publics.info,France,HEALTH,16,"centre hospitalier, chu, hospitalier, soins",OTHER,bureau d'études,NO,NO,HEALTH,10,HEALTH,Coordination sécurité incendie,Accord-cadre de missions de coordination en matière de systèmes de sécurité incendie pour les opérations de travaux de réhabilitation du CHU de Martinique,Fort-de-France (972),appel d'offres ouvert,Coordination en matière de systèmes de sécurité incendie,1 500 000,1500000.0,,,offres,"[""Expérience en coordination de systèmes de sécurité incendie""]",,False,,non éligible,"[""Mission de coordination technique, pas de rôle d'architecte""]",This project involves fire safety coordination for the rehabilitation of the Martinique University Hospital. It is not suitable for GBADW as it does not involve architectural design or planning.,Este proyecto implica la coordinación de seguridad contra incendios para la rehabilitación del Hospital Universitario de Martinica. No es adecuado para GBADW ya que no involucra diseño o planificación arquitectónica.,Ce projet concerne la coordination de la sécurité incendie pour la réhabilitation du CHU de Martinique. Il n'est pas adapté pour GBADW car il n'implique pas de conception ou de planification architecturale.,True,2026-10-03,False,10
BOAMP,26-90265,Marché d'assurances pour la reconstruction de l'Ehpad Fleurs de Selles par extension de l'Ehpad Cher Sologne à Selles Sur Cher,Ch Blois Etablissement support du Ght Santé 41,2026-09-17,2026-10-09,APPEL_OFFRE,SERVICES,Procédure Ouverte,41,66510000,,https://www.boamp.fr/pages/avis/?q=idweb:26-90265,,France,HEALTH,11,"ehpad, ght, lits, sante",OTHER,inconnu,NO,NO,HEALTH,10,HEALTH,EHPAD extension,Marché d'assurances pour la reconstruction de l'EHPAD Fleurs de Selles par extension de l'EHPAD Cher Sologne,Selles-sur-Cher (Loir-et-Cher),appel d'offres ouvert,Assurance Dommage Ouvrage et Tout Risque Chantier,,,,,offres,[],,,,non éligible,"[""Marché d'assurances, pas une mission d'architecte""]","This is an insurance market for the reconstruction of an EHPAD, not an architectural mission. Therefore, it is not relevant for GBADW.","Este es un mercado de seguros para la reconstrucción de un EHPAD, no una misión arquitectónica. Por lo tanto, no es relevante para GBADW.","Il s'agit d'un marché d'assurances pour la reconstruction d'un EHPAD, et non d'une mission d'architecte. Par conséquent, ce n'est pas pertinent pour GBADW.",True,2026-10-03,False,10
TED,616556-2026,"France – Ouvrages ferroviaires – Ligne Nouvelle Montpellier Perpignan (LNMP) - Phase 1, de Montpellier à Béziers, Marché de Conception Réalisation",SNCF RESEAU,2026-09-08,2026-10-06,CN-STANDARD,,comp-dial,SAINT-DENIS,45234100 | 71000000 | 71311230 | 45221122 | 45200000 | 71313000 | 71313450 | 45234100 | 71000000 | 71311230 | 45221122 | 45200000 | 71313000 | 71313450,1634000000,https://ted.europa.eu/fr/notice/-/detail/616556-2026,,France,TRANSPORT,1,,DESIGN_BUILD,entreprise de travaux,NO,NO,TRANSPORT,30,TRANSPORT,ligne ferroviaire,Création d'une liaison ferroviaire moderne entre Montpellier et Perpignan.,Saint-Denis (Seine-Saint-Denis),conception-réalisation,conception-réalisation pour la ligne nouvelle,1634000000,1634000000.0,,,inconnu,[],,False,False,GBADW n'est pas éligible car le projet est en conception-réalisation et l'agence refuse d'être sous-traitante.,"[""Équipe menée par une entreprise de travaux, GBADW ne peut pas être sous-traitant.""]","The project involves the construction of a new railway line between Montpellier and Perpignan. However, GBADW cannot participate as the lead architect since it is a design-build contract.","El proyecto implica la construcción de una nueva línea ferroviaria entre Montpellier y Perpignan. Sin embargo, GBADW no puede participar como arquitecto principal ya que se trata de un contrato de diseño y construcción.","Le projet concerne la construction d'une nouvelle ligne ferroviaire entre Montpellier et Perpignan. Cependant, GBADW ne peut pas participer en tant qu'architecte mandataire car il s'agit d'un contrat de conception-réalisation.",True,2026-10-03,False,0
TED,658342-2026,France – Services d'assistance dans le domaine de l'ingénierie – Mission d’assistance Technique à Maîtrise d’Ouvrage (ATMO) pour la passation d’un marché global sectoriel de travaux et la conduite d’opération dans le cadre de l’extension de l’IUC sur le site de l’Oncopole.,31 CHU,2026-09-24,2026-10-26,CN-STANDARD,,open,toulouse,71336000 | 71336000,,https://ted.europa.eu/fr/notice/-/detail/658342-2026,,France,HEALTH,1,,DESIGN_BUILD,entreprise de travaux,NO,NO,HEALTH,30,HEALTH,extension d'un établissement de santé,Mission d’assistance Technique à Maîtrise d’Ouvrage pour l'extension de l'IUC sur le site de l'Oncopole.,Toulouse (Haute-Garonne),appel d'offres ouvert,ATMO pour la passation d’un marché global sectoriel de travaux,,,,,inconnu,[],,False,False,"non éligible, car GBADW refuse d'être sous-traitant dans un marché de conception-réalisation.","[""Équipe menée par une entreprise de travaux, GBADW serait sous-traitant.""]","The project involves an extension of a health facility, but it is a design-build contract led by a construction company. GBADW cannot participate as a subcontractor.","El proyecto implica la extensión de una instalación de salud, pero es un contrato de diseño y construcción liderado por una empresa de construcción. GBADW no puede participar como subcontratista.","Le projet concerne l'extension d'un établissement de santé, mais il s'agit d'un contrat de conception-réalisation dirigé par une entreprise de travaux. GBADW ne peut pas participer en tant que sous-traitant.",True,2026-10-03,False,0
